<resources>

    <!-- Base application theme. -->
    <style name="AppTheme" parent="Theme.AppCompat.Light.DarkActionBar">
        <!-- Customize your theme here. -->
        <item name="colorPrimary">@color/colorPrimary</item>
        <item name="colorPrimaryDark">@color/colorPrimaryDark</item>
        <item name="colorAccent">@color/colorAccent</item>
    </style>
  <string-array name="items_type">
    <item>Select </item>
    <item>Manager</item>
    <item>Tester</item>
    <item>Programmer</item>
  </string-array>


  <string-array name="items_colors">
    <item>Select</item>
    <item>Yellow</item>
    <item>Blue</item>
    <item>White</item>
    <item>Black</item>
    <item>Grey</item>
    <item>Silver</item>
    <item>Purple</item>
    <item>Pink</item>
    <item>Red</item>
    <item>Cyan</item>
  </string-array>

  
</resources>
